{"cameraMode":{"drawMode":0,"name":"Shaded","section":"Shading Mode"},"sceneLighting":false,"audioPlay":false,"sceneViewState":{"m_AlwaysRefresh":false,"showFog":true,"showSkybox":false,"showFlares":true,"showImageEffects":true,"showParticleSystems":true,"showVisualEffectGraphs":true,"m_FxEnabled":true},"in2DMode":false,"pivot":{"x":-0.9500007629394531,"y":12.079999923706055,"z":-30.549999237060548},"rotation":{"x":-0.012289909645915032,"y":-0.9826377034187317,"z":0.17120756208896638,"w":-0.07058203220367432},"size":12.12435531616211,"orthographic":true}