{"cameraMode":{"drawMode":0,"name":"Shaded","section":"Shading Mode"},"sceneLighting":false,"audioPlay":false,"sceneViewState":{"m_AlwaysRefresh":false,"showFog":true,"showSkybox":false,"showFlares":true,"showImageEffects":true,"showParticleSystems":true,"showVisualEffectGraphs":true,"m_FxEnabled":true},"in2DMode":false,"pivot":{"x":20.600000381469728,"y":0.8999999761581421,"z":-21.100000381469728},"rotation":{"x":0.01118619553744793,"y":0.8713580965995789,"z":-0.49014896154403689,"w":0.019861314445734025},"size":33.43536376953125,"orthographic":true}