{"cameraMode":{"drawMode":0,"name":"Shaded","section":"Shading Mode"},"sceneLighting":false,"audioPlay":false,"sceneViewState":{"m_AlwaysRefresh":false,"showFog":true,"showSkybox":false,"showFlares":true,"showImageEffects":true,"showParticleSystems":true,"showVisualEffectGraphs":true,"m_FxEnabled":true},"in2DMode":false,"pivot":{"x":0.9000000953674316,"y":13.850000381469727,"z":-30.549999237060548},"rotation":{"x":-0.013462935574352742,"y":-0.07401823997497559,"z":0.0010048197582364083,"w":-0.9971774220466614},"size":12.12435531616211,"orthographic":true}