{"cameraMode":{"drawMode":0,"name":"Shaded","section":"Shading Mode"},"sceneLighting":false,"audioPlay":false,"sceneViewState":{"m_AlwaysRefresh":false,"showFog":true,"showSkybox":false,"showFlares":true,"showImageEffects":true,"showParticleSystems":true,"showVisualEffectGraphs":true,"m_FxEnabled":true},"in2DMode":false,"pivot":{"x":0.9000000953674316,"y":13.850000381469727,"z":-30.549999237060548},"rotation":{"x":-0.0016534304013475776,"y":-0.9919981956481934,"z":0.1256583333015442,"w":-0.013100523501634598},"size":12.12435531616211,"orthographic":true}